﻿{"cameraMode":{"drawMode":0,"name":"Shaded","section":"Shading Mode"},"sceneLighting":true,"audioPlay":false,"sceneViewState":{"showFog":true,"showMaterialUpdate":false,"showSkybox":true,"showFlares":true,"showImageEffects":true,"showParticleSystems":true},"in2DMode":false,"pivot":{"x":-1.0718427896499634,"y":1.6365792751312256,"z":2.5160598754882814},"rotation":{"x":0.15554732084274293,"y":0.182719886302948,"z":-0.03144596517086029,"w":0.9705739617347717},"size":4.942471027374268,"orthographic":false}