﻿{"cameraMode":{"drawMode":0,"name":"Shaded","section":"Shading Mode"},"sceneLighting":true,"audioPlay":false,"sceneViewState":{"showFog":true,"showMaterialUpdate":false,"showSkybox":true,"showFlares":true,"showImageEffects":true,"showParticleSystems":true},"in2DMode":false,"pivot":{"x":3.457824230194092,"y":-1.891500473022461,"z":30.681480407714845},"rotation":{"x":0.09986992180347443,"y":0.10746017098426819,"z":-0.012769182212650776,"w":0.9893878698348999},"size":56.60470962524414,"orthographic":false}